domain,https_status
hybridmanager.de
badziag.pl
memogra.de
dietaredukcyjna.pl
prototypowanie.pl
opentowork.com.pl
100eur.de
leasingmebli.pl
zebranie.com.pl
subskrypcje.com.pl
foundation.pl
kooperatywa.com.pl
webcast.com.pl
korepetytorzy.com.pl
naszeprogramy.pl
leaveplaner.de
retrospektywy.pl
teamworkplan.de
retrospektywa.pl
idna.pl
lepsze.pl
subscriptions.pl
telekorepetycje.pl
meetcast.de
autodeploy.de
zdarzenie.pl
webslides.de
satio.pl
parkowaniedomen.pl
iot-home.de
iot-sport.de
iotsport.de
gregor-montagen.de
modularization.de
harmonogram.de
lasttermin.de
sapletta.de
luftsensor.de
vaxxed.de
vaxed.pl
rezydent.de
softreck.de
mikroserwisy.pl
planzajec.pl
metamodule.de
gitprotect.de
gitprotect.pl
planermam.pl
wolnadomena.pl
apka.pl
mamplan.com.pl
autoinwigilacja.pl
terminowy.pl
planzdrowia.pl
incydent.pl
alerts.pl
liderrynku.pl
planbiznesowy.pl
poxy.pl
webinarium.pl
tatunio.pl
planfinasowy.pl
unvaxed.de
unvaxxed.de
secdevops.pl
mobiledatacenter.de
horizon2030.de
wapka.de
programista.de
secops.com.pl
pentera.de
pentera.pl
urlopy.net
odszczepciesie.pl
odszczepiny.pl
26g.pl
26ghz.de
5grouter.pl
router5g.de
26g.eu
router5g.eu
devalert.de
niezapracowani.pl
malortgdynia.pl
mvps.pl
infiltracja.pl
ipaas.pl
open5g.de
dobrowolnosc.pl
ransomware.com.pl
scam.com.pl
zaszyfrowane.pl
devop.com.pl
atakcybernetyczny.pl
cyberatak.com.pl
private4g.de
privatelte.de
private6g.de
nasze.de
ojro.de
naszachmura.pl
multirobot.de
modularyzacja.pl
porownywarkadomen.pl
kosztdomen.pl
dns.info.pl
dlaczego.de
hred.de
oderspace.de
oderphone.de
oderpoint.de
oderpay.de
cccoder.de
softrek.de
serwery.de
5gsummit.de
opentowork.de
cloudran.de
sapletta.pl
softreck.plautodeployment.org
autodeployments.com
militarity.com
millitarity.com
antipolonism.com
beamforming.org
browseek.com
jloads.com
lasttermin.com
5g-camp.com
5g-campusnetz.com
5gcampusnetz.com
camel-k.com
camelexamples.com
coboarding.com
dedicated5g.com
coboarding.com
open-ran.net
openran.info
privatelte.org
5gdeployments.com
appfunc.com
foodtransitions.com
jcontexts.com
jheader.com
bioreck.com
buildpack.org
coinreck.com
genreck.com
gentreck.com
4gtutorial.com
jbodys.com
private4g.net
togomat.com
togomat.net
cobrowse.biz
cobrowse.info
jsfunc.com
odiolab.com
6gility.com
6gmind.com
6gsec.com
6gseminar.com
6gtutorial.com
5gseminar.com
5gsymposium.com
5gtutorial.com
6gcampus.com
forum5g.com
bashgui.com
bashtool.com
domagen.com
domager.com
shellui.com
contextaction.com
contextschema.com
cotutorial.com
jsonfunc.com
parkindom.com
contextualtool.com
contextualtools.com
uipersonalisation.com
uipersonalization.com
uxpersonalisation.com
contextquery.com
contexttools.com
contexttrack.com
contextutility.com
querycontext.com
contextact.com
contextrack.com
contextspot.com
contextstock.com
contextstyle.com
contextool.com
contextuser.com
p2040.com
s2050.com
usercontext.com
botreck.com
gitmemo.com
pro2050.com
project5g.com
tsfunc.com
cccoder.org
documentag.com
gitslide.com
gitslides.com
oderbot.com
botrek.com
hypermodular.com
nanomodularity.com
nfunc.com
saasistheking.com
apicqrs.com
bootrec.com
multisitemap.com
multisitemaps.com
saasisking.com
teleoperator.net
teleoperator.org
metamodule.org
cyberwarfare.info
pro2030.com
aipersonalisation.com
apitoy.com
apitoys.com
autopersonalisation.com
cyberatak.com
26ghz.net
apicontext.com
apifunctions.com
lamdafunc.com
sub6ghz.com
dartfunc.com
deployapk.com
letpdf.com
nanofrontend.com
nanofrontends.com
apibash.com
apinpm.com
apipackage.com
letquery.com
langtool.net
langtools.org
linguatool.net
linguatool.org
webapks.com
denofunc.com
microfrontend.org
rubyfunc.com
webscreenshoot.com
webtesty.com
golangfunc.com
letbash.com
loadfunc.com
loadgit.com
nodefunc.com
eachfunc.com
letencode.com
letfunc.com
lettxt.com
letxml.com
czarneoswiecenie.com
defpath.com
letpath.com
metamodule.net
parkingomat.com
defobj.com
jdebugs.com
letobj.com
nodejsfunc.com
rustfunc.com
jpaths.com
letdecode.com
luafunc.com
supermodularity.com
vaxed.de
defjson.com
jrouters.com
jroutes.com
jsondef.com
letjson.com
gitpad.net
hypermodularity.com
hypermodularization.com
micromodularity.com
kidsys.net
meetcast.net
shellfunc.com
webrepl.com
webrepl.net
browseen.com
contractware.net
korepetytorzy.com
korepetytorzy.net
kryptoreklama.net
edukacjadomowa.net
gramatyka.net
apicup.com
apigrammar.com
flatedit.com
softreck.net
telematyka.com
softreck.dev
monit.page
webshell.dev
webstream.dev
modularization.dev
modularization.it
wdrozenie.it
cobrowse.nl
opentowork.lt
oneday.run
opentowork.cz
opentowork.at
airscanning.com
apaas.info
api-foundation.com
apibash.com
apibuild.com
apicra.com
apicup.com
apidsl.com
apiexec.com
apifork.com
apifoundation.com
apifunc.com
apigoal.com
apigoals.com
apigrammar.com
apimacro.com
apimacros.com
apinpm.com
apipackage.com
apipong.com
apiprogram.com
apisql.com
apitee.com
apiterminal.com
apitoy.com
apitoys.com
apiunit.com
autogrammar.com
autopersonalisation.com
autoserwis.net
bashfunc.com
browseen.com
cobrowse.dev
cobrowse.eu
cobrowse.org
cobrowsing.dev
cobrowsing.eu
cobrowsing.org
cobrowsing.us
contractware.net
cpaas.info
cyberatak.com
cyberwarfare.info
dailygoal.org
dartfunc.com
daterange.net
defjson.com
defobj.com
defpath.com
denofunc.com
deployapk.com
devopsterminal.com
digipass.app
documentrecognition.com
dostawa.net
eachfunc.com
edukacjadomowa.net
faasapp.com
flatedit.com
fmdevelopers.co.uk
functionplan.com
gammico.com
getlambda.com
gitpad.net
golangfunc.com
gramatyka.net
harmonogram.net
harmonogram.org
hypermodularity.com
hypermodularization.com
idscann.com
javafunc.com
jdebugs.com
jloads.com
jpaths.com
jrouters.com
jroutes.com
jruns.com
jsondef.com
kalkulacja.com
kidsys.net
korepetytorzy.com
korepetytorzy.net
korepetytorzy.org
kryptoreklama.com
kryptoreklama.net
lambdatool.com
lamdafunc.com
langpress.com
lasttermin.com
legacycode.co
legacycode.info
letbash.com
letdecode.com
letencode.com
letfunc.com
letgit.com
letjson.com
letobj.com
letpdf.com
letquery.com
lettxt.com
letxml.com
livetranscriptions.com
loadfunc.com
loadgit.com
luafunc.com
meetcast.net
memogra.com
metamodule.net
metamodule.org
micromodularity.com
modula.dev
mvps.dev
nanocontract.com
nanofrontend.com
nanofrontends.com
nodefunc.com
nodejsfunc.com
onedayrun.com
openshipment.com
openshipping.net
opentowork.us
apaas.info
parkingomat.com
phpfunc.com
planontime.com
plantreningu.com
plany.org
pogotowie.net
programmanager.co
pyfunc.com
raport.org
rubyfunc.com
rustfunc.com
sapletta.com
sending24.com
shellfunc.com
shipment24h.com
softreck.co
softreck.com
softreck.net
softreck.org
softreck.us
softrek.org
supermodularity.com
telematyka.com
teleoperator.net
teleoperator.org
terminarz.net
thewetware.com
timepoint.org
timerange.net
toptermin.com
unitapi.com
vodapp.com
walizka.tv
way4spirit.com
webapks.com
webrepl.com
webrepl.net
webtesty.com
wetware.dev
wolnytermin.com
worktimebook.com
worktimeline.com
worktimetable.com
zlece.net
zlecenie.orgdoublescanner.com
plainedit.com
promagen.com